,accuracy,accuracy_baseline,auc,auc_precision_recall,average_loss,global_step,label/mean,loss,method,precision,prediction/mean,recall
0,0.6006749272346497,0.5376827716827393,0.6372277736663818,0.6764540672302246,0.7340817451477051,5000,0.5376827716827393,0.7340817451477051,LC,0.6814159154891968,0.42950281500816345,0.48326361179351807
0,0.5894263386726379,0.5376827716827393,0.6169639229774475,0.6305097341537476,0.6976044178009033,15,0.5376827716827393,0.6976044178009033,CART,0.6482939720153809,0.4351646602153778,0.5167363882064819
0,0.6017997860908508,0.5376827716827393,0.6445932388305664,0.6714898347854614,0.7068077921867371,5000,0.5376827716827393,0.7068077921867371,Boosting,0.6812865734100342,0.4289844036102295,0.48744770884513855
0,0.5950506329536438,0.5376827716827393,0.6325677633285522,0.6555062532424927,0.7173991203308105,5000,0.5376827716827393,0.7173991203308105,DNN,0.6528497338294983,0.4463227093219757,0.5271966457366943
